<?xml version="1.0" encoding="utf-8"?>
<odoo>
    <data noupdate="1">

        <record id="education_fee_category1" model="education.fee.category">
            <field name="name">Institutional</field>
            <field name="journal_id" ref="account_journal_institutional_fee"/>
            <field name="fee_structure">1</field>
        </record>

        <record id="education_fee_category2" model="education.fee.category">
            <field name="name">Transportation</field>
            <field name="journal_id" ref="account_journal_transportation_fee"/>
            <field name="fee_structure">0</field>
        </record>

        <record id="education_fee_type1" model="education.fee.type">
            <field name="name">Tuition Fee</field>
            <field name="interval">Annually</field>
            <field name="payment_type">peryear</field>
            <field name="description_sale">The Fee which has to be remitted in
                institution as tuition fee</field>
            <field name="lst_price">1500</field>
            <field name="category_id" ref="education_fee_category1"/>
        </record>

        <record id="education_fee_type2" model="education.fee.type">
            <field name="name">Admission Fee</field>
            <field name="interval">One time</field>
            <field name="payment_type">onetime</field>
            <field name="description_sale">The Fee which has to be remitted in
                institution when joining</field>
            <field name="lst_price">1000</field>
            <field name="category_id" ref="education_fee_category1"/>
        </record>

        <record id="education_fee_structure1" model="education.fee.structure">
            <field name="fee_structure_name">Nursery and Reception</field>
            <field name="academic_year" ref="education_core.education_academic_year_data"/>
            <field name="category_id" ref="education_fee_category1"/>
        </record>

        <record id="education_fee_structure1_line1" model="education.fee.structure.lines">
            <field name="fee_type" ref="education_fee_type2"/>
            <field name="fee_structure_id" ref="education_fee_structure1"/>
            <field name="payment_type">onetime</field>
            <field name="fee_description">Admission Fee</field>
            <field name="interval">One time</field>
            <field name="fee_amount">1000</field>
        </record>

        <record id="education_fee_structure1_line2" model="education.fee.structure.lines">
            <field name="fee_type" ref="education_fee_type1"/>
            <field name="fee_structure_id" ref="education_fee_structure1"/>
            <field name="payment_type">peryear</field>
            <field name="fee_description">Tuition Fee</field>
            <field name="interval">Annually</field>
            <field name="fee_amount">1500</field>
        </record>

    </data>
</odoo>