<odoo>
    <record model="ir.module.category" id="module_hostel_management">
        <field name="name">Hostel</field>
        <field name="description">Helps you manage your Hostel.</field>
        <field name="sequence">12</field>
    </record>

    <record id="group_hostel_management_user" model="res.groups">
        <field name="name">User</field>
        <field name="category_id" ref="education_hostel.module_hostel_management"/>
        <field name="implied_ids" eval="[(4, ref('base.group_user'))]"/>
    </record>

    <record id="group_hostel_management_manager" model="res.groups">
        <field name="name">Warden</field>
        <field name="category_id" ref="education_hostel.module_hostel_management"/>
        <field name="implied_ids" eval="[(4, ref('education_hostel.group_hostel_management_user'))]"/>
        <field name="users" eval="[(4, ref('base.user_root'))]"/>
    </record>

    <record id="multi_company_hostel" model="ir.rule">
        <field name="name">Hostel Multi Company</field>
        <field name="model_id" ref="model_education_hostel"/>
        <field eval="True" name="global"/>
        <field name="domain_force">['|',('company_id','=',False),('company_id','child_of',[user.company_id.id])]</field>
    </record>

    <record id="multi_company_floor" model="ir.rule">
        <field name="name">Floor Multi Company</field>
        <field name="model_id" ref="model_education_floor"/>
        <field eval="True" name="global"/>
        <field name="domain_force">['|',('company_id','=',False),('company_id','child_of',[user.company_id.id])]</field>
    </record>

    <record id="multi_company_hostel" model="ir.rule">
        <field name="name">Hostel Multi Company</field>
        <field name="model_id" ref="model_education_hostel"/>
        <field eval="True" name="global"/>
        <field name="domain_force">['|',('company_id','=',False),('company_id','child_of',[user.company_id.id])]</field>
    </record>

    <record id="multi_company_room" model="ir.rule">
        <field name="name">Hostel ROOM Multi Company</field>
        <field name="model_id" ref="model_education_room"/>
        <field eval="True" name="global"/>
        <field name="domain_force">['|',('company_id','=',False),('company_id','child_of',[user.company_id.id])]</field>
    </record>

    <record id="multi_company_member" model="ir.rule">
        <field name="name">Hostel Member Multi Company</field>
        <field name="model_id" ref="model_education_host_std"/>
        <field eval="True" name="global"/>
        <field name="domain_force">['|',('company_id','=',False),('company_id','child_of',[user.company_id.id])]</field>
    </record>

    <record id="multi_company_leave" model="ir.rule">
        <field name="name">Leave Multi Company</field>
        <field name="model_id" ref="model_education_hostel_leave"/>
        <field eval="True" name="global"/>
        <field name="domain_force">['|',('company_id','=',False),('company_id','child_of',[user.company_id.id])]</field>
    </record>

    <record id="multi_company_mess" model="ir.rule">
        <field name="name">Mess Multi Company</field>
        <field name="model_id" ref="model_education_mess"/>
        <field eval="True" name="global"/>
        <field name="domain_force">['|',('company_id','=',False),('company_id','child_of',[user.company_id.id])]</field>
    </record>

</odoo>