<?xml version="1.0" encoding="UTF-8" standalone="yes"?>
<fatura>
	<xsdVersion>3.0</xsdVersion>
	<ublVersionNumarasi>2.1</ublVersionNumarasi>
	<ublOzellestirmeNumarasi>TR1.2</ublOzellestirmeNumarasi>
	<faturaTuru>IHRACAT</faturaTuru>
	<suret>false</suret>
	<faturaId>F47AC1AE-52DD-4152-A5CD-0E02B2C3D400</faturaId>
	<faturaTarihi>2016-11-10</faturaTarihi>
	<faturaZamani>14:42:00</faturaZamani>
	<faturaTipi>ISTISNA</faturaTipi>
	<faturaNot>DENEME MAKSATLI</faturaNot>
	<paraBirimi>TRL</paraBirimi>
	<satici>
		<aliciSaticiTanimi schemeId="VKN">1950031078</aliciSaticiTanimi>
		<unvan>Cybersoft</unvan>
		<postaAdresi>
			<ilce>Çankaya</ilce>
			<sehir>Ankara</sehir>
			<postaKodu>34100</postaKodu>
			<ulke>Türkiye</ulke>
		</postaAdresi>
		<vergiDairesi>Büyük Mükellefler</vergiDairesi>
	</satici>
	<alici>
		<aliciSaticiTanimi schemeId="VKN">1460415308</aliciSaticiTanimi>
		<unvan>Gümrük ve Ticaret Bakanlığı Gümrükler Genel Müdürlüğü</unvan>
		<postaAdresi>
			<ilce>Çankaya</ilce>
			<sehir>Ankara</sehir>
			<ulke>Türkiye</ulke>
		</postaAdresi>
		<vergiDairesi>Ulus</vergiDairesi>
	</alici>
	<hizmetiAlan>
		<aliciSaticiTanimi schemeId="PARTYTYPE">EXPORT</aliciSaticiTanimi>
		<unvan>APRAA</unvan>
		<postaAdresi>
			<ilce>Kuzey Londra</ilce>
			<sehir>Londra</sehir>
			<ulke>İngiltere</ulke>
		</postaAdresi>
		<sicilBilgileri>
			<kayitAdi>Farthing Purchasing Consortium</kayitAdi>
			<kayitNumarasi>19031903</kayitNumarasi>
		</sicilBilgileri>
	</hizmetiAlan>
	
	<gonderimSevkiyatTasimaBilgileri>
			<teslimatAdresi>
				<caddeSokak>123</caddeSokak>
				<binaNo>56A</binaNo>
				<ilce>Meylan</ilce>
				<sehir>Bridgtow</sehir>
				<postaKodu>ZZ99 1ZZ</postaKodu>
				<ulke>Great Britain</ulke>
			</teslimatAdresi>
			<teslimatKosulari> 
				<id schemeId="INCOTERMS">CIF</id>
			</teslimatKosulari>
			<kargoBilgileri>
				<id/>
				<tasinanMalBilgileri>
					<GTIPNumarasi>0206.22.00.00.00</GTIPNumarasi>
				</tasinanMalBilgileri>
				<gonderiFazlari>
					<tasimaModu>1</tasimaModu>
				</gonderiFazlari>
				<tasimaUnitesiBilgileri>						
					<paketBilgileri>
						<id>UACU2451999</id>
						<paketAdeti>2</paketAdeti>
						<paketlemeTipi>CN</paketlemeTipi>		
					</paketBilgileri>
				</tasimaUnitesiBilgileri>			
			</kargoBilgileri>
		</gonderimSevkiyatTasimaBilgileri>
	<odemeSekli>
		<kod>1</kod>
		<aliciHesapBilgileri>
			<hesapNo>5652214414</hesapNo>
			<hesapDovizBirimi>TRL</hesapDovizBirimi>
			<aciklama>RRR Bankası Beşiktaş Şubesi TL Hesabı</aciklama>
		</aliciHesapBilgileri>
	</odemeSekli>
	<odemeKosullari>
		<not>Fatura düzenlenme tarihinden itibaren 20 gün içerisinde ödenecektir.</not>
		<sonOdemeTarihi>2008-11-25</sonOdemeTarihi>
	</odemeKosullari>
	<vergiler>
		<toplamVergiTutari paraBirimi="TRY">0</toplamVergiTutari>
		<vergi>
			<matrah paraBirimi="TRY">10.00</matrah>
			<vergiTutari paraBirimi="TRY">0</vergiTutari>
			<sira>1</sira>
			<oran>0</oran>
			<vergiTuru>
				<muafiyetSebebiKodu>301</muafiyetSebebiKodu>
				<muafiyetSebebi>11/1-a Mal ihracatı</muafiyetSebebi>
				<vergiAdi>KDV</vergiAdi>
				<vergikodu>0015</vergikodu>
			</vergiTuru>
		</vergi>
	</vergiler>
	<parasalToplamlar>
		<toplamMalHizmetTutari paraBirimi="TRY">10.00</toplamMalHizmetTutari>
		<vergiHaricTutar paraBirimi="TRY">10.00</vergiHaricTutar>
		<vergiDahilTutar paraBirimi="TRY">10.00</vergiDahilTutar>
		<toplamIskontoTutari paraBirimi="TRY">0.00</toplamIskontoTutari>
		<odenecekTutar paraBirimi="TRY">10.00</odenecekTutar>
	</parasalToplamlar>
	<faturaSatir>
		<siraNo>1</siraNo>
		<not>Package Brand: ADDR</not>
		<miktar birimKodu="MON">1</miktar>
		<malHizmetMiktari paraBirimi="TRY">10</malHizmetMiktari>
		<gonderimSevkiyatTasimaBilgileri>
			<teslimatAdresi>
				<caddeSokak>123</caddeSokak>
				<binaNo>56A</binaNo>
				<ilce>Meylan</ilce>
				<sehir>Bridgtow</sehir>
				<postaKodu>ZZ99 1ZZ</postaKodu>
				<ulke>Great Britain</ulke>
			</teslimatAdresi>
			<teslimatKosulari> 
				<id schemeId="INCOTERMS">CIF</id>
			</teslimatKosulari>
			<kargoBilgileri>
				<id/>
				<tasinanMalBilgileri>
					<GTIPNumarasi>0206.22.00.00.00</GTIPNumarasi>
				</tasinanMalBilgileri>
				<gonderiFazlari>
					<tasimaModu>1</tasimaModu>
				</gonderiFazlari>
				<tasimaUnitesiBilgileri>						
					<paketBilgileri>
						<id>UACU2451999</id>
						<paketAdeti>2</paketAdeti>
						<paketlemeTipi>CN</paketlemeTipi>		
					</paketBilgileri>
				</tasimaUnitesiBilgileri>			
			</kargoBilgileri>
		</gonderimSevkiyatTasimaBilgileri>
		<iskontoArtirim>
			<artirim>false</artirim>
			<oran>0</oran>
			<tutar paraBirimi="TRY">0</tutar>
			<uygulandigiTutar paraBirimi="TRY">10</uygulandigiTutar>
		</iskontoArtirim>
		<vergiler>
			<toplamVergiTutari paraBirimi="TRY">0</toplamVergiTutari>
			<vergi>
				<matrah paraBirimi="TRY">10.00</matrah>
				<vergiTutari paraBirimi="TRY">0</vergiTutari>
				<sira>1</sira>
				<oran>0</oran>
				<vergiTuru>
					<vergiAdi>KDV</vergiAdi>
					<vergikodu>0015</vergikodu>
				</vergiTuru>
			</vergi>
		</vergiler>
		<malHizmetBilgileri>
			<adi>aaaa</adi>
		</malHizmetBilgileri>
		<birimFiyat paraBirimi="TRY">10</birimFiyat>
	</faturaSatir>
</fatura>