<?xml version="1.0" encoding="UTF-8" standalone="yes"?>
<fatura>
	<xsdVersion>3.0</xsdVersion>
	<ublVersionNumarasi>2.1</ublVersionNumarasi>
	<ublOzellestirmeNumarasi>TR1.2</ublOzellestirmeNumarasi>
	<faturaTuru>YOLCUBERABERFATURA</faturaTuru>
	<suret>false</suret>
	<faturaId>F47AC1BE-52DD-4152-A5CD-0E02B2C3D400</faturaId>
	<faturaTarihi>2016-11-25</faturaTarihi>
	<faturaZamani>14:42:00</faturaZamani>
	<faturaTipi>ISTISNA</faturaTipi>
	<faturaNot>DENEME MAKSATLI</faturaNot>
	<paraBirimi>TRL</paraBirimi>
	<vergiParaBirimi>TRL</vergiParaBirimi>
	<fiyatlandirmaParaBirimi>TRL</fiyatlandirmaParaBirimi>
	<odemeParaBirimi>TRL</odemeParaBirimi>
	<alternatifOdemeParaBirimi>TRL</alternatifOdemeParaBirimi>
	<irsaliyeBilgileri>
		<belgeNo>180921</belgeNo>
		<belgeTarihi>2009-01-02</belgeTarihi>
	</irsaliyeBilgileri>
	<satici>
		<webSitesi>http://www.aaa.com.tr/</webSitesi>
		<aliciSaticiTanimi schemeId="VKN">1950031078</aliciSaticiTanimi>
		<unvan>Cybersoft</unvan>
		<postaAdresi>
			<ilce>Çankaya</ilce>
			<sehir>Ankara</sehir>
			<postaKodu>34100</postaKodu>
			<ulke>Türkiye</ulke>
		</postaAdresi>
		<vergiDairesi>Büyük Mükellefler</vergiDairesi>
		<irtibatBilgileri>
			<tel>(212) 925 51515</tel>
			<fax>(212) 925505015</fax>
			<eposta>aa@aaa.com.tr</eposta>
		</irtibatBilgileri>
	</satici>
	<alici>
		<webSitesi>http://www.bbb.com.tr/</webSitesi>
		<aliciSaticiTanimi schemeId="VKN">1460415308</aliciSaticiTanimi>
		<unvan>Gümrük ve Ticaret Bakanlığı</unvan>
		<postaAdresi>
			<ilce>Çankaya</ilce>
			<sehir>Ankara</sehir>
			<postaKodu>06100</postaKodu>
			<ulke>Türkiye</ulke>
		</postaAdresi>
		<vergiDairesi>Çankaya</vergiDairesi>
		<irtibatBilgileri>
			<tel>(312) 621 1111</tel>
			<fax>(312) 621 1010</fax>
			<eposta>bb@bbb.com.tr</eposta>
		</irtibatBilgileri>
	</alici>
	<hizmetiAlan>
		<aliciSaticiTanimi schemeId="PARTYTYPE">TAXFREE</aliciSaticiTanimi>
		<unvan></unvan>
		<postaAdresi>
			<ilce>Meylan</ilce>
			<sehir>Lyon</sehir>
			<ulke>Fransa</ulke>
		</postaAdresi>
		<kisibilgileri>
			<adi>Jon</adi>
			<soyadi>Snow</soyadi>
			<uyruk>FR</uyruk>
			<hesapBilgisi>
				<hesapNo>111222333444555</hesapNo>
				<hesapDovizBirimi>TRY</hesapDovizBirimi>
				<aciklama>Ödeme Notu</aciklama>
				<sube>Turistin İkametgah Ülkesi</sube>
				<banka>Banka Adı</banka>
			</hesapBilgisi>
			<kimlikDokumani>
				<belgeNo>190319031903</belgeNo>
				<belgeTarihi>2014-01-14</belgeTarihi>
			</kimlikDokumani>
		</kisibilgileri>
	</hizmetiAlan>
	<vergiSorumlusu>
		<aliciSaticiTanimi schemeId="ARACIKURUMVKN">3810044287</aliciSaticiTanimi>
		<aliciSaticiTanimi schemeId="ARACIKURUMETIKET">urn:mail:yolcuberaberpk@globalblue.com</aliciSaticiTanimi>
		<unvan>GLOBAL BLUE</unvan>
		<postaAdresi>
			<ilce>Aracı Kurum Subdivision</ilce>
			<sehir>Aracı Kurum City Name</sehir>
			<ulke>Aracı Kurum Country</ulke>
		</postaAdresi>
	</vergiSorumlusu>
	<odemeSekli>
		<kod>1</kod>
		<aliciHesapBilgileri>
			<hesapNo>5652214414</hesapNo>
			<hesapDovizBirimi>TRL</hesapDovizBirimi>
			<aciklama>RRR Bankası Beşiktaş Şubesi TL Hesabı</aciklama>
		</aliciHesapBilgileri>
	</odemeSekli>
	<odemeKosullari>
		<not>Fatura düzenlenme tarihinden itibaren 20 gün içerisinde ödenecektir.</not>
		<sonOdemeTarihi>2008-11-25</sonOdemeTarihi>
	</odemeKosullari>
	<vergiler>
		<toplamVergiTutari paraBirimi="TRY">1.80</toplamVergiTutari>
		<vergi>
			<matrah paraBirimi="TRY">10.00</matrah>
			<vergiTutari paraBirimi="TRY">1.80</vergiTutari>
			<sira>1</sira>
			<oran>18</oran>
			<vergiTuru>
				<muafiyetSebebiKodu>501</muafiyetSebebiKodu>
				<muafiyetSebebi>Türkiye’de İkamet Etmeyenlere KDV Hesaplanarak Yapılan Satışlar(Yolcu Beraberi Eşya)</muafiyetSebebi>
				<vergiAdi>KDV</vergiAdi>
				<vergikodu>0015</vergikodu>
			</vergiTuru>
		</vergi>
	</vergiler>
	<parasalToplamlar>
		<toplamMalHizmetTutari paraBirimi="TRY">10.00</toplamMalHizmetTutari>
		<vergiHaricTutar paraBirimi="TRY">10.00</vergiHaricTutar>
		<vergiDahilTutar paraBirimi="TRY">11.80</vergiDahilTutar>
		<toplamIskontoTutari paraBirimi="TRY">0.00</toplamIskontoTutari>
		<odenecekTutar paraBirimi="TRY">11.80</odenecekTutar>
	</parasalToplamlar>
	<faturaSatir>
		<siraNo>1</siraNo>
		<miktar birimKodu="MON">1</miktar>
		<malHizmetMiktari paraBirimi="TRY">10</malHizmetMiktari>
		<iskontoArtirim>
			<artirim>false</artirim>
			<oran>0</oran>
			<tutar paraBirimi="TRY">0</tutar>
			<uygulandigiTutar paraBirimi="TRY">10</uygulandigiTutar>
		</iskontoArtirim>
		<vergiler>
			<toplamVergiTutari paraBirimi="TRY">1.80</toplamVergiTutari>
			<vergi>
				<matrah paraBirimi="TRY">10.00</matrah>
				<vergiTutari paraBirimi="TRY">1.8</vergiTutari>
				<sira>1</sira>
				<oran>18</oran>
				<vergiTuru>
					<vergiAdi>KDV</vergiAdi>
					<vergikodu>0015</vergikodu>
				</vergiTuru>
			</vergi>
		</vergiler>
		<malHizmetBilgileri>
			<adi>aaaa</adi>
		</malHizmetBilgileri>
		<birimFiyat paraBirimi="TRY">10</birimFiyat>
	</faturaSatir>
</fatura>