<?xml version="1.0" encoding="UTF-8" standalone="yes" ?>
<irsaliyeYaniti>	
	<teslimAlan>
		<vergiNo>1950031078</vergiNo>
		<etiket>defaultgb</etiket>
	</teslimAlan>
	<sevkEden>
		<vergiNo>1950031078</vergiNo>
		<etiket>defaultpk</etiket>
	</sevkEden>
	<irsaliyeId>F47AC10B-58CC-4372-A567-0E01B2C3D479</irsaliyeId>	
	<yanitTarihi>2017-02-08</yanitTarihi>
	<yanitZamani>09:00:00</yanitZamani>
	<irsaliyeYanitiTipi>SEVK</irsaliyeYanitiTipi>
	<yanitNotu>Bütün ürünler kabul edildi.</yanitNotu>
	<kargoBilgileri>
		<id/>
		<gonderimSevkiyatTasimaBilgileri>
			<gerceklesenTeslimTarihi>2016-08-15</gerceklesenTeslimTarihi>
			<gerceklesenTeslimZamani>15:03:52</gerceklesenTeslimZamani>
		</gonderimSevkiyatTasimaBilgileri>
	</kargoBilgileri>	
	<yanitSatiri>		
		<siraNo>1</siraNo>
		<alinanMalAdedi birimKodu="C62">20</alinanMalAdedi>
		<siparisKalemiReferansi>
			<kalemNumarasi>1</kalemNumarasi>
		</siparisKalemiReferansi>
		<irsaliyeKalemiReferansi>
			<kalemNumarasi>1</kalemNumarasi>
		</irsaliyeKalemiReferansi>		
		<malHizmetBilgileri>
			<adi>Masa Üstü Bilgisayar</adi>
			<saticiUrunKodu>PNC1234</saticiUrunKodu>
		</malHizmetBilgileri>
	</yanitSatiri>
	<yanitSatiri>		
		<siraNo>2</siraNo>
		<alinanMalAdedi birimKodu="C62">12</alinanMalAdedi>
		<siparisKalemiReferansi>
			<kalemNumarasi>2</kalemNumarasi>
		</siparisKalemiReferansi>
		<irsaliyeKalemiReferansi>
			<kalemNumarasi>2</kalemNumarasi>
		</irsaliyeKalemiReferansi>		
		<malHizmetBilgileri>
			<adi>Notebook Bilgisayar</adi>
			<saticiUrunKodu>PNC1235</saticiUrunKodu>
		</malHizmetBilgileri>
	</yanitSatiri>
	<yanitSatiri>		
		<siraNo>3</siraNo>
		<alinanMalAdedi birimKodu="C62">20</alinanMalAdedi>
		<sikayetAciklamasi>Ürünler geç gönderilmiştir. Faturada ceza uygulanacaktır.</sikayetAciklamasi>
		<siparisKalemiReferansi>
			<kalemNumarasi>3</kalemNumarasi>
		</siparisKalemiReferansi>
		<irsaliyeKalemiReferansi>
			<kalemNumarasi>3</kalemNumarasi>
		</irsaliyeKalemiReferansi>		
		<malHizmetBilgileri>
			<adi>Notebook Bilgisayar</adi>
			<saticiUrunKodu>PNC1235</saticiUrunKodu>
		</malHizmetBilgileri>
	</yanitSatiri>
	<yanitSatiri>		
		<siraNo>4</siraNo>
		<alinanMalAdedi birimKodu="C62">20</alinanMalAdedi>
		<reddedilenMalAdedi birimKodu="C62">2</reddedilenMalAdedi>
		<reddedilmeSebebi>2 tane ürün hasarlıdır</reddedilmeSebebi>
		<siparisKalemiReferansi>
			<kalemNumarasi>4</kalemNumarasi>
		</siparisKalemiReferansi>
		<irsaliyeKalemiReferansi>
			<kalemNumarasi>4</kalemNumarasi>
		</irsaliyeKalemiReferansi>		
		<malHizmetBilgileri>
			<adi>Notebook Bilgisayar</adi>
			<saticiUrunKodu>PNC1235</saticiUrunKodu>
		</malHizmetBilgileri>
	</yanitSatiri>
	<yanitSatiri>		
		<siraNo>5</siraNo>
		<alinanMalAdedi birimKodu="C62">18</alinanMalAdedi>
		<eksikMalAdedi birimKodu="C62">2</eksikMalAdedi>
		<siparisKalemiReferansi>
			<kalemNumarasi>5</kalemNumarasi>
		</siparisKalemiReferansi>
		<irsaliyeKalemiReferansi>
			<kalemNumarasi>5</kalemNumarasi>
		</irsaliyeKalemiReferansi>		
		<malHizmetBilgileri>
			<adi>Notebook Bilgisayar</adi>
			<saticiUrunKodu>PNC1235</saticiUrunKodu>
		</malHizmetBilgileri>
	</yanitSatiri>
</irsaliyeYaniti>