<?xml version="1.0" encoding="UTF-8" standalone="yes"?>
<irsaliye>
	<xsdVersion>1.0</xsdVersion>
	<ublVersionNumarasi>2.1</ublVersionNumarasi>
	<ublOzellestirmeNumarasi>TR1.2</ublOzellestirmeNumarasi>
	<irsaliyeTuru>TEMELIRSALIYE</irsaliyeTuru>
	<suret>false</suret>
	<irsaliyeId>F47AC10B-58CC-4378-A567-0E01B2C3D105</irsaliyeId>
	<irsaliyeTarihi>2017-04-17</irsaliyeTarihi>
	<irsaliyeZamani>11:38:00</irsaliyeZamani>
	<irsaliyeTipi>SEVK</irsaliyeTipi>
	<irsaliyeNot>DENEME 1 NOT</irsaliyeNot>
	<irsaliyeNot>DENEME 2 NOT</irsaliyeNot>
	<irsaliyeNot>Mallar teslim edildi..</irsaliyeNot>
	<satirSayisi>2</satirSayisi>
	<siparisBilgileri>
		<siparisNo>GIB2016000000033</siparisNo>
		<siparisTarihi>2016-08-14</siparisTarihi>
	</siparisBilgileri>
	<ilaveDokuman>
		<belgeNo>GIB2016000000011</belgeNo>
		<belgeTarihi>2016-08-10</belgeTarihi>
		<belgeTuru>Katalog</belgeTuru>
		<dokumanAciklamasi>Katalog belgesi</dokumanAciklamasi>
	</ilaveDokuman>
	<sevkEden>
		<taraf>
			<webSitesi>http://www.aaa.com.tr/</webSitesi>
			<aliciSaticiTanimi schemeId="VKN">1950031078</aliciSaticiTanimi>
			<unvan>AAA Anonim Şirketi</unvan>
			<postaAdresi>
				<sabitTanimlamaNumarasi>1234567890</sabitTanimlamaNumarasi>
				<caddeSokak>Papatya Caddesi Yasemin Sokak</caddeSokak>
				<binaNo>21</binaNo>
				<ilce>Beşiktaş</ilce>
				<sehir>İstanbul</sehir>
				<postaKodu>34100</postaKodu>
				<ulke>Türkiye</ulke>
			</postaAdresi>
			<depoBilgileri>
				<id>Depo Şube</id>
				<adres>
					<sabitTanimlamaNumarasi>1234567895</sabitTanimlamaNumarasi>
					<caddeSokak>Ihlamur Mahallesi Selvi Caddesi Sedir Sokak</caddeSokak>
					<binaNo>79/A</binaNo>
					<ilce>Balgat</ilce>
					<sehir>Ankara</sehir>
					<postaKodu>06800</postaKodu>
					<ulke>Türkiye</ulke>
				</adres>
			</depoBilgileri>
			<mukellefiyetBilgileri>
				<vergiBilgileri>
					<vergiTipi>Büyük Mükellefler</vergiTipi>
				</vergiBilgileri>
			</mukellefiyetBilgileri>
			<irtibatBilgileri>
				<tel>(212) 925 51515</tel>
				<fax>(212) 925505015</fax>
				<eposta>aa@aaa.com.tr</eposta>
			</irtibatBilgileri>
		</taraf>
		<irtibat>
			<adi>Cemal Temiz</adi>
		</irtibat>
	</sevkEden>
	<teslimAlan>
		<taraf>
			<webSitesi>http://www.bbb.com.tr/</webSitesi>
			<aliciSaticiTanimi schemeId="VKN">1950031078</aliciSaticiTanimi>
			<aliciSaticiTanimi schemeId="MUSTERINO">120010751</aliciSaticiTanimi>
			<unvan>BBB Limited  Şirketi</unvan>
			<postaAdresi>
				<sabitTanimlamaNumarasi>1234567890</sabitTanimlamaNumarasi>
				<caddeSokak>Ihlamur Mahallesi Selvi Caddesi Sedir Sokak</caddeSokak>
				<binaNo>75/A</binaNo>
				<ilce>Kızılay</ilce>
				<sehir>Ankara</sehir>
				<postaKodu>06100</postaKodu>
				<ulke>Türkiye</ulke>
			</postaAdresi>
			<mukellefiyetBilgileri>
				<vergiBilgileri>
					<vergiTipi>Çankaya</vergiTipi>
				</vergiBilgileri>
			</mukellefiyetBilgileri>
			<irtibatBilgileri>
				<tel>(312) 621 1112</tel>
				<fax>(312) 621 1011</fax>
				<eposta>bb@bbb.com.tr</eposta>
			</irtibatBilgileri>
		</taraf>
	</teslimAlan>
	<alici>
		<taraf>
			<webSitesi>http://www.ccc.com.tr/</webSitesi>
			<aliciSaticiTanimi schemeId="VKN">1950031078</aliciSaticiTanimi>
			<aliciSaticiTanimi schemeId="MUSTERINO">120010753</aliciSaticiTanimi>
			<unvan>CCC Limited  Şirketi</unvan>
			<postaAdresi>
				<sabitTanimlamaNumarasi>1234567890</sabitTanimlamaNumarasi>
				<caddeSokak>Papatya Mahallesi Çınar Caddesi Çam Sokak</caddeSokak>
				<binaNo>75/A</binaNo>
				<ilce>Balgat</ilce>
				<sehir>Ankara</sehir>
				<postaKodu>06100</postaKodu>
				<ulke>Türkiye</ulke>
			</postaAdresi>
			<mukellefiyetBilgileri>
				<vergiBilgileri>
					<vergiTipi>Çankaya</vergiTipi>
				</vergiBilgileri>
			</mukellefiyetBilgileri>
			<irtibatBilgileri>
				<tel>(312) 621 1111</tel>
				<fax>(312) 621 1010</fax>
				<eposta>cc@ccc.com.tr</eposta>
			</irtibatBilgileri>
		</taraf>
	</alici>
	<satici>
		<taraf>
			<webSitesi>http://www.ddd.com.tr/</webSitesi>
			<aliciSaticiTanimi schemeId="VKN">1950031078</aliciSaticiTanimi>
			<aliciSaticiTanimi schemeId="MUSTERINO">120010754</aliciSaticiTanimi>
			<unvan>DDD Limited  Şirketi</unvan>
			<postaAdresi>
				<sabitTanimlamaNumarasi>1234567890</sabitTanimlamaNumarasi>
				<caddeSokak>Ada Mahallesi Meşe Caddesi Gül Sokak</caddeSokak>
				<binaNo>75/A</binaNo>
				<ilce>Çukurambar</ilce>
				<sehir>Ankara</sehir>
				<postaKodu>06100</postaKodu>
				<ulke>Türkiye</ulke>
			</postaAdresi>
			<mukellefiyetBilgileri>
				<vergiBilgileri>
					<vergiTipi>Çankaya</vergiTipi>
				</vergiBilgileri>
			</mukellefiyetBilgileri>
			<irtibatBilgileri>
				<tel>(312) 621 1111</tel>
				<fax>(312) 621 1010</fax>
				<eposta>dd@ddd.com.tr</eposta>
			</irtibatBilgileri>
		</taraf>
	</satici>
	<alimiBaslatan>
		<taraf>
			<webSitesi>http://www.eee.com.tr/</webSitesi>
			<aliciSaticiTanimi schemeId="VKN">1950031078</aliciSaticiTanimi>
			<aliciSaticiTanimi schemeId="MUSTERINO">122010756</aliciSaticiTanimi>
			<unvan>EEE Limited  Şirketi</unvan>
			<postaAdresi>
				<sabitTanimlamaNumarasi>1234567890</sabitTanimlamaNumarasi>
				<caddeSokak>Sümer Mahallesi Kale Caddesi Başak Sokak</caddeSokak>
				<binaNo>75/A</binaNo>
				<ilce>Küçük Esat</ilce>
				<sehir>Ankara</sehir>
				<postaKodu>06100</postaKodu>
				<ulke>Türkiye</ulke>
			</postaAdresi>
			<mukellefiyetBilgileri>
				<vergiBilgileri>
					<vergiTipi>Çankaya</vergiTipi>
				</vergiBilgileri>
			</mukellefiyetBilgileri>
			<irtibatBilgileri>
				<tel>(312) 621 1111</tel>
				<fax>(312) 621 1010</fax>
				<eposta>ee@eee.com.tr</eposta>
			</irtibatBilgileri>
		</taraf>
	</alimiBaslatan>
	<kargoBilgileri>
		<id/>
		<tasinanMalBilgileri>
			<urunDegeri paraBirimi="TRY">35200</urunDegeri>
		</tasinanMalBilgileri>
		<gonderiFazlari>
			<vasitaDetayBilgileri>
				<plakaNumarasi schemeId="PLAKA">06DR4077</plakaNumarasi>
			</vasitaDetayBilgileri>
			<soforBilgileri>
				<adi>Mehmet</adi>
				<soyadi>Öztürk</soyadi>
				<unvan>Şoför</unvan>
				<uyruk>TC</uyruk>
			</soforBilgileri>
		</gonderiFazlari>
		<gonderimSevkiyatTasimaBilgileri>
			<tasiyiciTaraf>
				<aliciSaticiTanimi schemeId="VKN">1950031078</aliciSaticiTanimi>
				<unvan>CCC Lojistik Anonim Şirketi</unvan>
				<postaAdresi>
					<ilce>Osmancık</ilce>
					<sehir>Çorum</sehir>
					<ulke>Türkiye</ulke>
				</postaAdresi>
			</tasiyiciTaraf>	
			<gonderiBilgileri>
				<gerceklesenGonderimTarihi>2016-08-14</gerceklesenGonderimTarihi>
				<gerceklesenGonderimZamani>09:00:00</gerceklesenGonderimZamani>
			</gonderiBilgileri>
		</gonderimSevkiyatTasimaBilgileri>
		<tasimaUnitesiBilgileri>
			<tasimaEkipmani>
				<id schemeId="DORSEPLAKA">06DR4088</id>
			</tasimaEkipmani>			
		</tasimaUnitesiBilgileri>
	</kargoBilgileri>
	<irsaliyeSatir>
		<siraNo>1</siraNo>
		<gonderilenMalAdedi birimKodu="C62">20</gonderilenMalAdedi>
		<siparisKalemiReferansi>
			<kalemNumarasi>1</kalemNumarasi>
		</siparisKalemiReferansi>
		<malHizmetBilgileri>
			<adi>Masa Üstü Bilgisayar</adi>
			<saticiUrunKodu>PNC1234</saticiUrunKodu>
		</malHizmetBilgileri>
		<kargoBilgileri>
			<id/>
			<tasinanMalBilgileri>
				<faturaSatir>
					<siraNo/>
					<miktar>0</miktar>
					<malHizmetMiktari paraBirimi="TRY">20000</malHizmetMiktari>
					<malHizmetBilgileri>
						<adi/>
					</malHizmetBilgileri>
					<birimFiyat paraBirimi="TRY">1000</birimFiyat>
				</faturaSatir>
			</tasinanMalBilgileri>
		</kargoBilgileri>
	</irsaliyeSatir>	
	<irsaliyeSatir>
		<siraNo>2</siraNo>
		<gonderilenMalAdedi birimKodu="C62">10</gonderilenMalAdedi>
		<sonraGonderilecekMalAdedi birimKodu="C62">2</sonraGonderilecekMalAdedi>
		<sonraGonderilmeSebebi>Ürünlerin 2 tanesi daha sonra gönderilecektir.</sonraGonderilmeSebebi>
		<siparisKalemiReferansi>
			<kalemNumarasi>1</kalemNumarasi>
		</siparisKalemiReferansi>
		<malHizmetBilgileri>
			<adi>Notebook Bilgisayar</adi>
			<saticiUrunKodu>PNC1235</saticiUrunKodu>
		</malHizmetBilgileri>
	</irsaliyeSatir>
</irsaliye>