<?xml version="1.0" encoding="UTF-8"?>
<?xml-stylesheet type="text/xsl" href="general.xslt"?>
<Invoice xsi:schemaLocation="urn:oasis:names:specification:ubl:schema:xsd:Invoice-2 ../xsdrt/maindoc/UBL-Invoice-2.1.xsd" xmlns="urn:oasis:names:specification:ubl:schema:xsd:Invoice-2" xmlns:n4="http://www.altova.com/samplexml/other-namespace" xmlns:xsi="http://www.w3.org/2001/XMLSchema-instance" xmlns:cac="urn:oasis:names:specification:ubl:schema:xsd:CommonAggregateComponents-2" xmlns:cbc="urn:oasis:names:specification:ubl:schema:xsd:CommonBasicComponents-2" xmlns:ext="urn:oasis:names:specification:ubl:schema:xsd:CommonExtensionComponents-2">
	<ext:UBLExtensions>
		<ext:UBLExtension>
			<ext:ExtensionContent>
				<n4:auto-generated_for_wildcard/>
			</ext:ExtensionContent>
		</ext:UBLExtension>
	</ext:UBLExtensions>
	<cbc:UBLVersionID>2.1</cbc:UBLVersionID>
	<cbc:CustomizationID>TR1.2</cbc:CustomizationID>
	<cbc:ProfileID>TICARIFATURA</cbc:ProfileID>
	<cbc:ID>SDT2012000033805</cbc:ID>
	<cbc:CopyIndicator>false</cbc:CopyIndicator>
	<cbc:UUID>F47AC10B-58CC-4372-A567-0E02B2C3D479</cbc:UUID>
	<cbc:IssueDate>2012-04-03</cbc:IssueDate>
	<cbc:IssueTime>08:45:00</cbc:IssueTime>
	<cbc:InvoiceTypeCode>ISTISNA</cbc:InvoiceTypeCode>
	<cbc:Note>İşbu fatura 3065 sayılı KDV ..... müstesna olarak düzenlenmiştir.</cbc:Note>
	<cbc:Note>İşbu fatura ... muhasebeleştirilecektir.</cbc:Note>
	<cbc:DocumentCurrencyCode>USD</cbc:DocumentCurrencyCode>
	<cbc:LineCountNumeric>2</cbc:LineCountNumeric>
	<cac:OriginatorDocumentReference>
		<cbc:ID>2009-0-7238</cbc:ID>
		<cbc:IssueDate>2009-07-23</cbc:IssueDate>
		<cbc:DocumentDescription>Liste sıra no. 961.070. VKS (VERİ KAYIT SİSTEMİ), RMM (REMOTE MEMORY MODULE).</cbc:DocumentDescription>
		<cac:IssuerParty>
			<cac:PartyIdentification>
				<cbc:ID></cbc:ID>
			</cac:PartyIdentification>
			<cac:PartyName>
				<cbc:Name>Milli Savunma Bakanlığı</cbc:Name>
			</cac:PartyName>
			<cac:PostalAddress>
				<cbc:ID>2806632739</cbc:ID>
				<cbc:CitySubdivisionName>Çankaya</cbc:CitySubdivisionName>
				<cbc:CityName>Ankara</cbc:CityName>
				<cac:Country>
					<cbc:Name>Türkiye</cbc:Name>
				</cac:Country>
			</cac:PostalAddress>
		</cac:IssuerParty>
	</cac:OriginatorDocumentReference>
	<cac:AdditionalDocumentReference>
		<cbc:ID>B.04.1.GSM.0.40.4200...140</cbc:ID>
		<cbc:IssueDate>2010-12-09</cbc:IssueDate>
		<cbc:DocumentType>KDV İstisna Belgesi</cbc:DocumentType>
		<cac:IssuerParty>
			<cac:PartyIdentification>
				<cbc:ID></cbc:ID>
			</cac:PartyIdentification>
			<cac:PartyName>
				<cbc:Name>Milli Savunma Bakanlığı</cbc:Name>
			</cac:PartyName>
			<cac:PostalAddress>
				<cbc:ID>2806632739</cbc:ID>
				<cbc:CitySubdivisionName>Çankaya</cbc:CitySubdivisionName>
				<cbc:CityName>Ankara</cbc:CityName>
				<cac:Country>
					<cbc:Name>Türkiye</cbc:Name>
				</cac:Country>
			</cac:PostalAddress>
		</cac:IssuerParty>
	</cac:AdditionalDocumentReference>
	<cac:Signature>
		<cbc:ID schemeID="VKN_TCKN">1288331521</cbc:ID>
		<cac:SignatoryParty>
			<cac:PartyIdentification>
				<cbc:ID schemeID="VKN">1288331521</cbc:ID>
			</cac:PartyIdentification>
			<cac:PostalAddress>
				<cbc:StreetName>Papatya Caddesi Yasemin Sokak</cbc:StreetName>
				<cbc:BuildingNumber>21</cbc:BuildingNumber>
				<cbc:CitySubdivisionName>Beşiktaş</cbc:CitySubdivisionName>
				<cbc:CityName>İstanbul</cbc:CityName>
				<cbc:PostalZone>34100</cbc:PostalZone>
				<cac:Country>
					<cbc:Name>Türkiye</cbc:Name>
				</cac:Country>
			</cac:PostalAddress>
		</cac:SignatoryParty>
		<cac:DigitalSignatureAttachment>
			<cac:ExternalReference>
				<cbc:URI>#Signature</cbc:URI>
			</cac:ExternalReference>
		</cac:DigitalSignatureAttachment>
	</cac:Signature>
	<cac:AccountingSupplierParty>
		<cac:Party>
			<cac:PartyIdentification>
				<cbc:ID schemeID="VKN">7570308311</cbc:ID>
			</cac:PartyIdentification>
			<cac:PartyName>
				<cbc:Name>SDT Uzay ve Sav. Tek. Bil. Ün. Dan. Tic. A.Ş.</cbc:Name>
			</cac:PartyName>
			<cac:PostalAddress>
				<cbc:ID>2806632739</cbc:ID>
				<cbc:Room>2</cbc:Room>
				<cbc:StreetName>ODTÜ Teknokent</cbc:StreetName>
				<cbc:BlockName>GALYUM BLOK</cbc:BlockName>
				<cbc:CitySubdivisionName>Çankaya</cbc:CitySubdivisionName>
				<cbc:CityName>Ankara</cbc:CityName>
				<cac:Country>
					<cbc:Name>Türkiye</cbc:Name>
				</cac:Country>
			</cac:PostalAddress>
			<cac:PartyTaxScheme>
				<cac:TaxScheme>
					<cbc:Name>Başkent</cbc:Name>
				</cac:TaxScheme>
			</cac:PartyTaxScheme>
			<cac:Contact>
				<cbc:Telephone>(312) 2101015</cbc:Telephone>
				<cbc:Telefax>(312) 2101121</cbc:Telefax>
				<cbc:ElectronicMail>aa@aaa.com.tr</cbc:ElectronicMail>
			</cac:Contact>
		</cac:Party>
	</cac:AccountingSupplierParty>
	<cac:AccountingCustomerParty>
		<cac:Party>
			<cac:PartyIdentification>
				<cbc:ID schemeID="VKN">8720013735</cbc:ID>
			</cac:PartyIdentification>
			<cac:PartyName>
				<cbc:Name>TUSAŞ TÜRK HAVACILIK VE UZAY SANAYİ A.Ş.</cbc:Name>
			</cac:PartyName>
			<cac:PostalAddress>
				<cbc:ID>2806632739</cbc:ID>
				<cbc:StreetName>Havacılık Bulvarı</cbc:StreetName>
				<cbc:BuildingNumber>17</cbc:BuildingNumber>
				<cbc:CitySubdivisionName>Kazan</cbc:CitySubdivisionName>
				<cbc:CityName>Ankara</cbc:CityName>
				<cbc:District>Pelhiye Mah.</cbc:District>
				<cac:Country>
					<cbc:Name>Türkiye</cbc:Name>
				</cac:Country>
			</cac:PostalAddress>
			<cac:PartyTaxScheme>
				<cac:TaxScheme>
					<cbc:Name>Hitit</cbc:Name>
				</cac:TaxScheme>
			</cac:PartyTaxScheme>
		</cac:Party>
	</cac:AccountingCustomerParty>
	<cac:TaxTotal>
		<cbc:TaxAmount currencyID="USD">0</cbc:TaxAmount>
		<cac:TaxSubtotal>
			<cbc:TaxAmount currencyID="USD">0</cbc:TaxAmount>
			<cac:TaxCategory>
				<cbc:TaxExemptionReasonCode>310</cbc:TaxExemptionReasonCode>
				<cac:TaxScheme></cac:TaxScheme>
			</cac:TaxCategory>
		</cac:TaxSubtotal>
	</cac:TaxTotal>
	<cac:LegalMonetaryTotal>
		<cbc:LineExtensionAmount currencyID="USD">295864</cbc:LineExtensionAmount>
		<cbc:TaxExclusiveAmount currencyID="USD">295864</cbc:TaxExclusiveAmount>
		<cbc:TaxInclusiveAmount currencyID="USD">295864</cbc:TaxInclusiveAmount>
		<cbc:PayableAmount currencyID="USD">295864</cbc:PayableAmount>
	</cac:LegalMonetaryTotal>
	<cac:InvoiceLine>
		<cbc:ID>1</cbc:ID>
		<cbc:InvoicedQuantity>8</cbc:InvoicedQuantity>
		<cbc:LineExtensionAmount currencyID="USD">264000</cbc:LineExtensionAmount>
		<cac:Item>
			<cbc:Name>VKS (VERİ KAYIT SİSTEMİ)</cbc:Name>
		</cac:Item>
		<cac:Price>
			<cbc:PriceAmount currencyID="USD">31750</cbc:PriceAmount>
		</cac:Price>
	</cac:InvoiceLine>
	<cac:InvoiceLine>
		<cbc:ID>2</cbc:ID>
		<cbc:InvoicedQuantity>8</cbc:InvoicedQuantity>
		<cbc:LineExtensionAmount currencyID="USD">42864</cbc:LineExtensionAmount>
		<cac:Item>
			<cbc:Name>RMM (REMOTE MEMORY MODULE)</cbc:Name>
		</cac:Item>
		<cac:Price>
			<cbc:PriceAmount currencyID="USD">5358</cbc:PriceAmount>
		</cac:Price>
	</cac:InvoiceLine>
</Invoice>
