<?xml version="1.0" encoding="UTF-8"?>
<?xml-stylesheet type="text/xsl" href="appResponse.xslt"?>
<ApplicationResponse xmlns:ext="urn:oasis:names:specification:ubl:schema:xsd:CommonExtensionComponents-2" xmlns:ds="http://www.w3.org/2000/09/xmldsig#" xmlns:xades="http://uri.etsi.org/01903/v1.3.2#" xsi:schemaLocation="urn:oasis:names:specification:ubl:schema:xsd:ApplicationResponse-2  ../xsdrt/maindoc/UBL-ApplicationResponse-2.1.xsd" xmlns="urn:oasis:names:specification:ubl:schema:xsd:ApplicationResponse-2" xmlns:cac="urn:oasis:names:specification:ubl:schema:xsd:CommonAggregateComponents-2" xmlns:cbc="urn:oasis:names:specification:ubl:schema:xsd:CommonBasicComponents-2" xmlns:xsi="http://www.w3.org/2001/XMLSchema-instance" xmlns:n4="http://www.altova.com/samplexml/other-namespace" >
		<ext:UBLExtensions>
		<ext:UBLExtension>
			<ext:ExtensionContent>
				<n4:auto-generated_for_wildcard/>
			</ext:ExtensionContent>
		</ext:UBLExtension>
	</ext:UBLExtensions><cbc:UBLVersionID>2.1</cbc:UBLVersionID>
	<cbc:CustomizationID>TR1.2</cbc:CustomizationID>
	<cbc:ProfileID>TicariFatura</cbc:ProfileID>
	<cbc:ID>GIB2009000000002</cbc:ID>
	<cbc:UUID>c9ad1370-3581-11de-b418-0800200c9a66</cbc:UUID>
	<cbc:IssueDate>2009-01-06</cbc:IssueDate>
	<cbc:IssueTime>14:42:00</cbc:IssueTime>
	<cbc:Note>Fatura Kabul Edilmiştir.</cbc:Note>
	<cac:SenderParty>
		<cbc:WebsiteURI>http://www.bbb.com.tr/</cbc:WebsiteURI>
		<cac:PartyIdentification>
			<cbc:ID schemeID="VKN">9205121120</cbc:ID>
		</cac:PartyIdentification>
		<cac:PartyName>
			<cbc:Name>BBB Limited  Şirketi</cbc:Name>
		</cac:PartyName>
		<cac:PostalAddress>
			<cbc:ID>1234567890</cbc:ID>
			<cbc:StreetName>Ihlamur Mahallesi Selvi Caddesi Sedir Sokak</cbc:StreetName>
			<cbc:BuildingNumber>75/A</cbc:BuildingNumber>
			<cbc:CitySubdivisionName>Kızılay</cbc:CitySubdivisionName>
			<cbc:CityName>Ankara</cbc:CityName>
			<cbc:PostalZone>06100</cbc:PostalZone>
			<cac:Country>
				<cbc:Name>Türkiye</cbc:Name>
			</cac:Country>
		</cac:PostalAddress>
        <cac:PartyTaxScheme>
			<cac:TaxScheme>
				<cbc:Name>Çankaya</cbc:Name>
			</cac:TaxScheme>
		</cac:PartyTaxScheme>
		<cac:Contact>
			<cbc:Telephone>(312) 621 1111</cbc:Telephone>
			<cbc:Telefax>(312) 621 1010</cbc:Telefax>
			<cbc:ElectronicMail>bb@bbb.com.tr</cbc:ElectronicMail>
		</cac:Contact>
	</cac:SenderParty>
	<cac:ReceiverParty>
		<cbc:WebsiteURI>http://www.aaa.com.tr/</cbc:WebsiteURI>
		<cac:PartyIdentification>
			<cbc:ID schemeID="VKN">1288331521</cbc:ID>
		</cac:PartyIdentification>
		<cac:PartyName>
			<cbc:Name>AAA Anonim Şirketi</cbc:Name>
		</cac:PartyName>
		<cac:PostalAddress>
			<cbc:ID>1234567890</cbc:ID>		
			<cbc:StreetName>Papatya Caddesi Yasemin Sokak</cbc:StreetName>
			<cbc:BuildingNumber>21</cbc:BuildingNumber>
			<cbc:CitySubdivisionName>Beşiktaş</cbc:CitySubdivisionName>
			<cbc:CityName>İstanbul</cbc:CityName>
			<cbc:PostalZone>34100</cbc:PostalZone>
			<cac:Country>
				<cbc:Name>Türkiye</cbc:Name>
			</cac:Country>
		</cac:PostalAddress>
        <cac:PartyTaxScheme>
			<cac:TaxScheme>
				<cbc:Name>Büyük Mükellefler</cbc:Name>
			</cac:TaxScheme>
		  </cac:PartyTaxScheme>
		<cac:Contact>
			<cbc:Telephone>(212) 925 51515</cbc:Telephone>
			<cbc:Telefax>(212) 925505015</cbc:Telefax>
			<cbc:ElectronicMail>aa@aaa.com.tr</cbc:ElectronicMail>
		</cac:Contact>
	</cac:ReceiverParty>
	<cac:DocumentResponse>
		<cac:Response>
			<cbc:ReferenceID>12345678910</cbc:ReferenceID>
			<cbc:ResponseCode>RED</cbc:ResponseCode>
			<cbc:Description>FATURARED</cbc:Description>
		</cac:Response>
		<cac:DocumentReference>
			<cbc:ID>GIB2009000000011</cbc:ID>
			<cbc:IssueDate>2009-01-05</cbc:IssueDate>
			<cbc:DocumentTypeCode>FATURA</cbc:DocumentTypeCode>
			<cbc:DocumentType>FATURA</cbc:DocumentType>
		</cac:DocumentReference>
		<cac:LineResponse>
			<cac:LineReference>
				<cbc:LineID/>
			</cac:LineReference>
			<cac:Response>
				<cbc:ReferenceID>12345678911</cbc:ReferenceID>
				<cbc:ResponseCode>RED</cbc:ResponseCode>
				<cbc:Description>Fatura satış anlaşmasına uygun fiyatlandırılmaması nedeniyle reddedilmiştir</cbc:Description>
			</cac:Response>
		</cac:LineResponse>
	</cac:DocumentResponse>
</ApplicationResponse>
