<?xml version="1.0" encoding="UTF-8"?>
<?xml-stylesheet type="text/xsl" href="general.xslt"?>
<Invoice xsi:schemaLocation="urn:oasis:names:specification:ubl:schema:xsd:Invoice-2 ../xsdrt/maindoc/UBL-Invoice-2.1.xsd" xmlns="urn:oasis:names:specification:ubl:schema:xsd:Invoice-2" xmlns:n4="http://www.altova.com/samplexml/other-namespace" xmlns:xsi="http://www.w3.org/2001/XMLSchema-instance" xmlns:cac="urn:oasis:names:specification:ubl:schema:xsd:CommonAggregateComponents-2" xmlns:cbc="urn:oasis:names:specification:ubl:schema:xsd:CommonBasicComponents-2" xmlns:ext="urn:oasis:names:specification:ubl:schema:xsd:CommonExtensionComponents-2">
	<ext:UBLExtensions>
		<ext:UBLExtension>
			<ext:ExtensionContent>
				<n4:auto-generated_for_wildcard/>
			</ext:ExtensionContent>
		</ext:UBLExtension>
	</ext:UBLExtensions>
	<cbc:UBLVersionID>2.1</cbc:UBLVersionID>
	<cbc:CustomizationID>TR1.2</cbc:CustomizationID>
	<cbc:ProfileID>TICARIFATURA</cbc:ProfileID>
	<cbc:ID>SRM2012000086985</cbc:ID>
	<cbc:CopyIndicator>false</cbc:CopyIndicator>
	<cbc:UUID>F47AC10B-58CC-4372-A567-0E02B2C3D479</cbc:UUID>
	<cbc:IssueDate>2012-08-04</cbc:IssueDate>
	<cbc:IssueTime>07:47:00</cbc:IssueTime>
	<cbc:InvoiceTypeCode>TEVKIFAT</cbc:InvoiceTypeCode>
	<cbc:DocumentCurrencyCode>TRY</cbc:DocumentCurrencyCode>
	<cbc:LineCountNumeric>1</cbc:LineCountNumeric>
	<cac:Signature>
		<cbc:ID schemeID="VKN_TCKN">1288331521</cbc:ID>
		<cac:SignatoryParty>
			<cac:PartyIdentification>
				<cbc:ID schemeID="VKN">1288331521</cbc:ID>
			</cac:PartyIdentification>
			<cac:PostalAddress>
				<cbc:StreetName>Papatya Caddesi Yasemin Sokak</cbc:StreetName>
				<cbc:BuildingNumber>21</cbc:BuildingNumber>
				<cbc:CitySubdivisionName>Beşiktaş</cbc:CitySubdivisionName>
				<cbc:CityName>İstanbul</cbc:CityName>
				<cbc:PostalZone>34100</cbc:PostalZone>
				<cac:Country>
					<cbc:Name>Türkiye</cbc:Name>
				</cac:Country>
			</cac:PostalAddress>
		</cac:SignatoryParty>
		<cac:DigitalSignatureAttachment>
			<cac:ExternalReference>
				<cbc:URI>#Signature</cbc:URI>
			</cac:ExternalReference>
		</cac:DigitalSignatureAttachment>
	</cac:Signature>
	<cac:AccountingSupplierParty>
		<cac:Party>
			<cac:PartyIdentification>
				<cbc:ID schemeID="VKN">0890890895</cbc:ID>
			</cac:PartyIdentification>
			<cac:PartyName>
				<cbc:Name>Örnek İnşaat Hafriyat Nakliyat Demirçelik Madencilik San. ve Tic. Ltd. Şti.</cbc:Name>
			</cac:PartyName>
			<cac:PostalAddress>
				<cbc:ID>2806632739</cbc:ID>
				<cbc:StreetName>34 Sok.</cbc:StreetName>
				<cbc:BuildingNumber>12</cbc:BuildingNumber>
				<cbc:CitySubdivisionName>Seyhan</cbc:CitySubdivisionName>
				<cbc:CityName>Adana</cbc:CityName>
				<cbc:District>Ziyapaşa Mah.</cbc:District>
				<cac:Country>
					<cbc:Name>Türkiye</cbc:Name>
				</cac:Country>
			</cac:PostalAddress>
			<cac:PartyTaxScheme>
				<cac:TaxScheme>
					<cbc:Name>Ziyapaşa</cbc:Name>
				</cac:TaxScheme>
			</cac:PartyTaxScheme>
			<cac:Contact>
				<cbc:Telephone>(322) 4573244</cbc:Telephone>
			</cac:Contact>
		</cac:Party>
	</cac:AccountingSupplierParty>
	<cac:AccountingCustomerParty>
		<cac:Party>
			<cac:PartyIdentification>
				<cbc:ID schemeID="VKN">1870200192</cbc:ID>
			</cac:PartyIdentification>
			<cac:PartyName>
				<cbc:Name>British American Tobacco Exports B.V. Merkezi</cbc:Name>
			</cac:PartyName>
			<cac:PostalAddress>
				<cbc:ID>2806632739</cbc:ID>
				<cbc:Room>18</cbc:Room>
				<cbc:StreetName>Veko Giz Plaza, Meydan Sokak</cbc:StreetName>
				<cbc:BlockName>B</cbc:BlockName>
				<cbc:BuildingNumber>3</cbc:BuildingNumber>
				<cbc:CitySubdivisionName>Maslak</cbc:CitySubdivisionName>
				<cbc:CityName>İstanbul</cbc:CityName>
				<cbc:PostalZone>34398</cbc:PostalZone>
				<cac:Country>
					<cbc:Name>Türkiye</cbc:Name>
				</cac:Country>
			</cac:PostalAddress>
			<cac:PartyTaxScheme>
				<cac:TaxScheme>
					<cbc:Name>Büyük Mükellefler</cbc:Name>
				</cac:TaxScheme>
			</cac:PartyTaxScheme>
			<cac:PartyLegalEntity>
				<cbc:CompanyID>455695/403277</cbc:CompanyID>
				<cac:CorporateRegistrationScheme>
					<cbc:ID>Ticaret Odası</cbc:ID>
				</cac:CorporateRegistrationScheme>
			</cac:PartyLegalEntity>
			<cac:Contact>
				<cbc:Telephone>(212) 3678000</cbc:Telephone>
			</cac:Contact>
		</cac:Party>
	</cac:AccountingCustomerParty>
	<cac:TaxTotal>
		<cbc:TaxAmount currencyID="TRY">360</cbc:TaxAmount>
		<cac:TaxSubtotal>
			<cbc:TaxableAmount currencyID="TRY">20000</cbc:TaxableAmount>
			<cbc:TaxAmount currencyID="TRY">3600</cbc:TaxAmount>
			<cbc:Percent>18</cbc:Percent>
			<cac:TaxCategory>
				<cac:TaxScheme>
					<cbc:Name>KDV</cbc:Name>
					<cbc:TaxTypeCode>0015</cbc:TaxTypeCode>
				</cac:TaxScheme>
			</cac:TaxCategory>
		</cac:TaxSubtotal>
	</cac:TaxTotal>
	<cac:WithholdingTaxTotal>
		<cbc:TaxAmount currencyID="TRY">3240</cbc:TaxAmount>
		<cac:TaxSubtotal>
			<cbc:TaxAmount currencyID="TRY">3240</cbc:TaxAmount>
			<cbc:Percent>90</cbc:Percent>
			<cac:TaxCategory>
				<cac:TaxScheme>
					<cbc:TaxTypeCode>606</cbc:TaxTypeCode>
				</cac:TaxScheme>
			</cac:TaxCategory>
		</cac:TaxSubtotal>
	</cac:WithholdingTaxTotal>
	<cac:LegalMonetaryTotal>
		<cbc:LineExtensionAmount currencyID="TRY">20000</cbc:LineExtensionAmount>
		<cbc:TaxExclusiveAmount currencyID="TRY">20000</cbc:TaxExclusiveAmount>
		<cbc:TaxInclusiveAmount currencyID="TRY">23600</cbc:TaxInclusiveAmount>
		<cbc:PayableAmount currencyID="TRY">20360</cbc:PayableAmount>
	</cac:LegalMonetaryTotal>
	<cac:InvoiceLine>
		<cbc:ID>1</cbc:ID>
		<cbc:InvoicedQuantity>1</cbc:InvoicedQuantity>
		<cbc:LineExtensionAmount currencyID="TRY">20000</cbc:LineExtensionAmount>
		<cac:Item>
			<cbc:Name>İş gücü hizmeti</cbc:Name>
		</cac:Item>
		<cac:Price>
			<cbc:PriceAmount currencyID="TRY">20000</cbc:PriceAmount>
		</cac:Price>
	</cac:InvoiceLine>
</Invoice>
